<?xml version="1.0" encoding="UTF-8" standalone="no"?>
<BlockMap xmlns="http://schemas.microsoft.com/appx/2010/blockmap" xmlns:b4="http://schemas.microsoft.com/appx/2021/blockmap" IgnorableNamespaces="b4" HashMethod="http://www.w3.org/2001/04/xmlenc#sha256"><File Name="Images\LockScreenLogo.scale-200.png" Size="1430" LfhSize="65"><Block Hash="pBoFOz/DsMEJcgzNQ3oZclrpFj6nWZAiKhK1lrnHynY="/></File><File Name="Images\SmallTile.scale-200.png" Size="3647" LfhSize="60"><Block Hash="98/uexa1jmdIfNL1SgGcUAJlZ9DbBeIKY1ACyCsJkCo="/></File><File Name="Images\SplashScreen.scale-200.png" Size="14679" LfhSize="63"><Block Hash="dZ0gTyf6EtB/0C8mWp/39O/7nXJTqKtcOiN+njTk5hs="/></File><File Name="Images\Square150x150Logo.scale-200.png" Size="6132" LfhSize="68"><Block Hash="G+kA8Y7611KbKsyADrCDu/X1WotMk1Z0Ffl2EB73oB0="/></File><File Name="Images\Square44x44Logo.altform-lightunplated_targetsize-16.png" Size="656" LfhSize="92"><Block Hash="wxA50W+LqiCkIZCgNbJxJlMQJCBj1Dh5vAK4DPqffks="/></File><File Name="Images\Square44x44Logo.altform-lightunplated_targetsize-24.png" Size="1075" LfhSize="92"><Block Hash="70uZZ8Eo/V+2NAH32DIRuTo/xJ+TCjBJmpivNEtkTW4="/></File><File Name="Images\LargeTile.scale-200.png" Size="13098" LfhSize="60"><Block Hash="iUJ8lISFw+T00ra5bTh2+p23S7lPT4twzXPp9fjYX3M="/></File><File Name="Images\Square44x44Logo.altform-lightunplated_targetsize-256.png" Size="11843" LfhSize="93"><Block Hash="cmEelXqd+0bWz2soEo953t/j8gPJwTU3v4G0bC6Mbaw="/></File><File Name="Images\Square44x44Logo.altform-lightunplated_targetsize-32.png" Size="1441" LfhSize="92"><Block Hash="zGmPneYm3WHSJds5bGgq9JNpLNPokrk343Q7Chcr5Gg="/></File><File Name="Images\Square44x44Logo.altform-lightunplated_targetsize-48.png" Size="2190" LfhSize="92"><Block Hash="G0r5t1LiTxwRASf1R0sfF3yUd7N8WMjv8fy0e/iD7YY="/></File><File Name="Images\Square44x44Logo.altform-unplated_targetsize-16.png" Size="656" LfhSize="87"><Block Hash="wxA50W+LqiCkIZCgNbJxJlMQJCBj1Dh5vAK4DPqffks="/></File><File Name="Images\Square44x44Logo.altform-unplated_targetsize-256.png" Size="11843" LfhSize="88"><Block Hash="cmEelXqd+0bWz2soEo953t/j8gPJwTU3v4G0bC6Mbaw="/></File><File Name="Images\Square44x44Logo.altform-unplated_targetsize-32.png" Size="1441" LfhSize="87"><Block Hash="zGmPneYm3WHSJds5bGgq9JNpLNPokrk343Q7Chcr5Gg="/></File><File Name="Images\Square44x44Logo.altform-unplated_targetsize-48.png" Size="2190" LfhSize="87"><Block Hash="G0r5t1LiTxwRASf1R0sfF3yUd7N8WMjv8fy0e/iD7YY="/></File><File Name="Images\Square44x44Logo.scale-200.png" Size="3170" LfhSize="66"><Block Hash="BfVczpzzBP+YLhusVk0CwJEDsBZ34/ZMbIxWnuz8jxY="/></File><File Name="Images\Square44x44Logo.targetsize-16.png" Size="497" LfhSize="70"><Block Hash="HUGOs1nbsgn5wTcX/4s2PKkSYLfEdy6neofRHEJPXL8="/></File><File Name="Images\Square44x44Logo.targetsize-24.png" Size="817" LfhSize="70"><Block Hash="UlMKhYFeYe1fEOJGUUwqjDrYJFeD44ZSNtBDRDCua/I="/></File><File Name="Images\Square44x44Logo.targetsize-24_altform-unplated.png" Size="1075" LfhSize="87"><Block Hash="70uZZ8Eo/V+2NAH32DIRuTo/xJ+TCjBJmpivNEtkTW4="/></File><File Name="Images\Square44x44Logo.targetsize-256.png" Size="9610" LfhSize="71"><Block Hash="zNpkEK5KK5hnr70SSgSok5rBLpyR/pkI0pMo8cc+rh0="/></File><File Name="Images\Square44x44Logo.targetsize-32.png" Size="1136" LfhSize="70"><Block Hash="4+OkGYwx+fAwb9RZhEZvececZZz79e4CF4mSw6bUM5A="/></File><File Name="Images\Square44x44Logo.targetsize-48.png" Size="1732" LfhSize="70"><Block Hash="/xMJheLF0vU5pSh3b+OLh+a4Ig3hOIawC639p3aK2Q0="/></File><File Name="Images\StoreLogo.scale-200.png" Size="4507" LfhSize="60"><Block Hash="riCb9Btd7dIMozUo/30HBfz1k8lZjs14fcl+S+/+AL4="/></File><File Name="Images\Wide310x150Logo.scale-200.png" Size="6680" LfhSize="66"><Block Hash="n3GGN40nbcJBTDnbS1pm1k8FQ+0M3FphoghsGMZFdp0="/></File><File Name="resources.pri" Size="4304" LfhSize="43"><Block Hash="X3x6E3uJ9cvy73TpkNVoliPfrr0NxBjNhSOgxBGb258=" Size="1112"/></File><File Name="UIApp\256.png" Size="7940" LfhSize="43"><Block Hash="mAl/ZcGtG24PVU3pw0AnPbOrPWuXj8TTJMNUz1pxxSs="/></File><File Name="UIApp\BouncyCastle.Cryptography.dll" Size="6871320" LfhSize="65"><Block Hash="oolIj1LZNzePajbX+j8clP4ivfRaatHAk9SfwjhElpw=" Size="25883"/><Block Hash="vKjLEIDDhJPzgCex49ohViQMFdoebNSS+WWtafhDONY=" Size="29534"/><Block Hash="TRbqo1ShPPD1yQ418XXmN3afolfXmbCdVHQ0sTwE/A8=" Size="25830"/><Block Hash="opeGmYyWtxUSGr+XM5WsuzUHj0XD3To0GWlsDIX9tvM=" Size="24326"/><Block Hash="5/3C0x5SMs0zlAyrURMGWAT95XC++FFtP6d4qxHUlic=" Size="12808"/><Block Hash="lnk0HIIG8QnrlQ0/Jq8+UO4fu486zPEMY8PfDFTfn3s=" Size="24999"/><Block Hash="PfiegsP7EuficvKjf7p/nmXcX1R6ztnLIqwBy2BsYl8=" Size="27301"/><Block Hash="sFi2OZ6egU2HnQv0Md+I7RBsdno9m98jHtCZrZ2lHXs=" Size="21710"/><Block Hash="CIbkH33VYRZRijeYURm92D8FGEgxl6gvCOKGmjALa08=" Size="28312"/><Block Hash="pp6kIL6czZi+A1kHmPsQOAdj3GXjhpVhSklCdD3Ck7E=" Size="27138"/><Block Hash="FotrkZHPsB3JrbCbIMnKXcXXQCFHCUXWFg/O2y7Q4cg=" Size="24199"/><Block Hash="VN7OUf91YhpY4hZjYTw2k9R3KWFlsMBJyav4QUOmgr0=" Size="21259"/><Block Hash="cqmPGcAo7v5LbluJ6vRYlWBFrRCDsG50HUmLfqyruII=" Size="23605"/><Block Hash="5yifmrvXM87aIrffjSdV045xqycLnrV9YJsp8J+QLN8=" Size="16733"/><Block Hash="I9BPuntQuQvWwRg/969jLmT0SmHvA0ShadN5AiU9ZJg=" Size="24534"/><Block Hash="SDYyn07R9SMvEW+atsYu3bZzlcqwbD4626gpGwqZKOw=" Size="25116"/><Block Hash="EtNYwL9hd5eQHJvGFK7DqUAz0HpaWYjBOspzxsJCX9A=" Size="22052"/><Block Hash="uBo/q7p/juCx/E+Fe6Z7Mby7UkUqqtPBvk9XJu4vCys=" Size="23112"/><Block Hash="6SN5zRzzEpyPrz/OCN5fwL/amT7U1NY+A2t9F3V+F38=" Size="23112"/><Block Hash="n5eDuNhla+e+RjJW9SUnLfatxIhCxjpvwRjJqJrSBOw=" Size="23401"/><Block Hash="vKawNqWwS54dEvHz57Yx5gr7E7fMZrtozgnYSFClQcY=" Size="28096"/><Block Hash="eg3KDaJeqFx8l1HU7fQ5gK2kNgUbBAtMihu2zeQzXxw=" Size="26475"/><Block Hash="E7kJ9jz4yTcB1qVj/CRQLqpdUS/Jp6dBeA1wMdp/4JU=" Size="24098"/><Block Hash="iqZShCsaWfmBknK0+AGwgoCfIh79kBec0vMIK4n7qmA=" Size="21823"/><Block Hash="xR5EXhPj4xkjpqfA/bDw/CCWrdeHPO+hfgiIFl+54Yo=" Size="21830"/><Block Hash="a1T0pB4e5H8rqcuvGOeGfuVcoK41ElAPTP2aSBYtXA0=" Size="27392"/><Block Hash="9sVJ/+AAs5lNu5DYRCTJcmjI/6xM5MXLttAqEEKyjT0=" Size="22857"/><Block Hash="fUbpWUIP7cgNKemk9kZPvEIzJDNd7DCrqZivgjQmpxI=" Size="26897"/><Block Hash="9/tghuMrNFDltCblTBWhX6hUxRGTx0CUj302wPWAE+U=" Size="30507"/><Block Hash="Z8mmWSJMYpTx8eOEdc0kU4dHHf62u5BORqbMVlIgnmo=" Size="27093"/><Block Hash="d/zqtmBsmp+BVKBs20BZEH0oI36FnGNHKm/CoRNM1Jg=" Size="26963"/><Block Hash="GAmrb6oKWRycECVxlSSFT3B0xdJZ5eSCOpzb6oFCvXc=" Size="28624"/><Block Hash="LKlyxC4g5DhlwIrvtXpC75zxJNJ72PfrOdyuEowomGE=" Size="24830"/><Block Hash="PH9EhSUmSLk/N0V84w35z4Iz2aSZ63g2wvvbfXCES1g=" Size="14250"/><Block Hash="2eoB4rjrhGa+VtmCGDNSiaI3iqqX8vsvUaNjDwCRzdE=" Size="7930"/><Block Hash="k58ocrEHLW+bKtPsbHmrHa5adxdRT6WsWLtqNcd9j9Q=" Size="11841"/><Block Hash="N4emuKLNptqSSK4BxAlhUTS9XgVA4bOi2ds4hMVt7Aw=" Size="22943"/><Block Hash="qV50Sp+kMPAVMZm8QVSCceFcqWGeOGMw8Nvqhf3keKM=" Size="30664"/><Block Hash="7L0Qvwq+QPphC6Ew+OvNTovcT3gQxUq9GD0TlcgG5hI=" Size="29758"/><Block Hash="KuYd04b3jh9+aHM1EObMPuGJ40Oadi6G4Njy6buGC4Y=" Size="23265"/><Block Hash="UVrXZbRDumAoFZzWl63vdMN+JSEzfXu+CIc02MhDEhw=" Size="20171"/><Block Hash="beYw7j0cRxksH9E+LmUKGzlFG/j/Y/o8slmFPlWvSII=" Size="18735"/><Block Hash="z8+tjIFoxmz03FlfxtrY0CpHzGjbwC0S6ntk7oy5IW4=" Size="15464"/><Block Hash="RUGwaehv/IwoPr6qd/C4DhDRmOgeobrw6hglpZvrj/Q=" Size="14756"/><Block Hash="05H5EBAKg4d3sgKXJ8dgPzwGdhly0SRe2l998qFC6iM=" Size="14354"/><Block Hash="GIddldKQ2nyw0A89fTVF8rxbB50Drwpfjp0o5wgR7vA=" Size="14998"/><Block Hash="/+VdmKvXHYHyUEstc+9FwZsJ52k6w7v9nKkLouGDPPM=" Size="21627"/><Block Hash="ffy1lViJGSBbR/2FEbjTX2WQnAryHKeDSZtLOwU/6aY=" Size="25235"/><Block Hash="F3b6RgY+MWF4RwEUJ0FnS09q4XkcEq776M83vzES0ns=" Size="28923"/><Block Hash="SsNjupmTK5oAAFMVXyx3HExHrWFFsd4BEK96I5SwmFo=" Size="65561"/><Block Hash="ICggxEXlpwFSSjDmNy27cYc9WhI7hx8SVcmm7AZc9js=" Size="65541"/><Block Hash="erdXvrWQndPfd9N6LH/lBLmq8xbpyx9ADu3iQu0Q75k=" Size="65561"/><Block Hash="WRPX10XP8lHvlWAnXX3+KaVmfC5X/sT/mBnhsdZM7+8=" Size="65561"/><Block Hash="DZST/RqrwL8wTQPJg2dgvjv4ezgKqRjaHMP+rle1Dvk=" Size="65561"/><Block Hash="3TBKeu6vyJYBKyDA6cGAq23Vcv47YN1EWNJNNPJynR4=" Size="65561"/><Block Hash="nw0/t8WodjrfUCVLMophZat5aZ2KC26LLMmzabGZBHM=" Size="65561"/><Block Hash="NFt2rf50Qx4d6NjCKwhqelZUSv4T2rndpyGfWfXbb68=" Size="65534"/><Block Hash="EUEScX1efnGajzStyaV6OiJANlByWpa9TfeSCOkRo4Y=" Size="65561"/><Block Hash="nNMVJuHzHmygVaIlGCkUHXdacrhotcrXvVVh/kFy0qg=" Size="65561"/><Block Hash="XdScYwl9LuVyPhEZC2DxTehuOqVzAN5QkXJq1wc7sKU=" Size="65561"/><Block Hash="RvK8u3suJzqaH4J16e6Kfrn4wAxuWin6/R8lg0GUSSQ=" Size="65541"/><Block Hash="bk5IABmJPRtH84JGgK9Nt3jjSJC+fShyLzgwChF38k8=" Size="65561"/><Block Hash="tpFfxQVqpaOxssM1Pmcldj/SVe0umbR+nSYazdic+DY=" Size="65561"/><Block Hash="ycLVPr5XLv1BcdsD84YfLh2VqbfjkCbN2TjFFyDxB1I=" Size="65561"/><Block Hash="MtrXh+7hBS9545+Uwbs7CLrhdKvg3FhfM0UF9CfOZ/s=" Size="65561"/><Block Hash="+AV60OjkGYkjkLM9t29RL+/3tGRvshvRitdb1SAmRHo=" Size="65561"/><Block Hash="KM78HYTXPC9avllEZ8VC/lnyF1+l2/sBjlTx+4Idcd4=" Size="65561"/><Block Hash="mwg7XKhHzL8Wx5Lrno74gV7EOIGlB47YpV6cxKHjHCs=" Size="65546"/><Block Hash="g2u+eijDuCa40XkbdhISRHgFz9e9REgvG78ccwAPf7w=" Size="65561"/><Block Hash="M7llST7blIMqyNjnU3SLAzfWkZahqQHJan3/SLYweYE=" Size="65561"/><Block Hash="zFAX4rCTrQGdi+NReoY9rwNTsymWo+AIRAFNdITwByg=" Size="65561"/><Block Hash="I9P45TqFKenSqKYpVi8z5oM3kS6I9C31QcUzvYuhVBU=" Size="65561"/><Block Hash="HnLAJWYuKWp2oaDgx1jQw+zzBavE8ulXW18W2RdFZdM=" Size="65555"/><Block Hash="FmzsWdy5nB/Wc1sloZgAezbEo5iCwgR0vVMQJdydr/A=" Size="65561"/><Block Hash="ltVutK5y5mezDNQXgMkJb/c6buyOrIgNYuj5EQ35aCc=" Size="65561"/><Block Hash="t3milxcCEruQeMM9fjCwyOSmqjV1xWR3+7YRu8h1sGM=" Size="65561"/><Block Hash="c399joLu0lvTwW3tVz0pZRsKQcKJPtzW8CgLAv8ilIY=" Size="65561"/><Block Hash="9EKon4Tc2ZT6SPKWPbc8jo8Avcihusm5aQlpMhNrOXM=" Size="65561"/><Block Hash="Se29ESDBAqwStrxNZTBdh6cL8fsrQWU4N9VwLaTH1xg=" Size="65505"/><Block Hash="Z5w6quwWJbGW6KoXz83VwH62tDCSqm2ws0pz20xxnFg=" Size="65561"/><Block Hash="vAMahVN7nEi+S0ng0FyimffCM6FUneTw/A+w4HMjvIM=" Size="65561"/><Block Hash="aX8VKkOo4wjBRWNVKEbt1S+e/JNx7oMz2QlUylZ/vTM=" Size="65561"/><Block Hash="bu5jxVxpJMfOJ1sa+1J7yHi4XrUWeV0WqXi2XnRluYY=" Size="65561"/><Block Hash="xKitrzoDsz5LIV3x2h+W9p8vzcJNK+OqLaw8a6I2Gnw=" Size="65561"/><Block Hash="e2pBYuRcvbMpdydDmYTNOwBAXqVGmoS7c3lzas0GJmA=" Size="65561"/><Block Hash="fNy8B1gyQuShwdIhPD0zgdASzXcNSLP/oGb8I7Jcm70=" Size="65561"/><Block Hash="1ltWhD7c0sVeO2gwUacP8PrP5Kay+cF8xz5vGUNFdoE=" Size="65561"/><Block Hash="VlnlsqTmYmk/MsM0KyWb1Gba25K2SycyV5iOWdgMTXk=" Size="65539"/><Block Hash="DrWQ3yR7GDxouGp4G5J+5oe3k/0K2NhWI4s6u5BmxTA=" Size="65561"/><Block Hash="NPZBRGuVlMkuXonJ+b5pB6GjTHN/iEIpSwvOMX64Bhg=" Size="65561"/><Block Hash="Qv8oy/Tzgirr+a5y+8ocIWwwaHLbmRil4Ta36FPirb8=" Size="65561"/><Block Hash="PSKhnPWeZTpG7z+9mCi3jceUVbi2gaxhwgoIsbbYQYI=" Size="65561"/><Block Hash="kSk8gXHig8fwcZ7NR9QszEi4zMdJKcxYGKkhGULaLkU=" Size="65561"/><Block Hash="WtGXVF0JmxhDoRapCxgXlXTxP2NYfveUoOh88AdB8T8=" Size="65561"/><Block Hash="7Atcr1i5+nKh8Raa0ZtnnUIw0iNvu50v0ShZoqSi7XY=" Size="65492"/><Block Hash="fh65QldNbhRr269/RxMp8SHMV4ESIl1ImNIcDstKvqM=" Size="65561"/><Block Hash="uoDYLeZsc3KD+NmaIRk+i2xaPngdDScEqYQSwPykySU=" Size="65561"/><Block Hash="iAbCEVPurGOU+BTwlBrpLdSAtA/o7gVcvyu0IpERoaI=" Size="65561"/><Block Hash="5NusrzAA9VtcoP+2t/GviU411NxH401JhaMN3ChhAp0=" Size="65561"/><Block Hash="FIS1EtsdzhsXdhbQw+SE7qsX7UmFYZi437CVfClC8uY=" Size="65561"/><Block Hash="W3prj+Eo1390CvJ80neL9BceL+qQW9C2Fbc74dsJr4E=" Size="65561"/><Block Hash="6a1fNuE2tzn2fyywrib/MYo755JpqKHI2Sj0v5NO9tc=" Size="65561"/><Block Hash="8qTrLARKI8u70y/7ReCpH7O+4WAIfEa5iLZJ6W6C7Ro=" Size="59215"/><Block Hash="SeHUftlcLcOb9X2VXFuBNps7zuh61OHSuOqySCay280=" Size="38105"/><Block Hash="1G0NMW3RjnIRlrLBXcwpJCHV/UvoGbrojzSnkQZwdBE=" Size="43066"/><b4:FileHash Hash="PwGCMJ+P+5zg+l8wMhnTFVvx2iMuFKYg7SNK7CCaKTU="/></File><File Name="UIApp\DotNetZip.dll" Size="472064" LfhSize="49"><Block Hash="ZHhqHDbxK+QVXnODqJkxPvY0U1cP+c6Gcpl4kALaxzM=" Size="25992"/><Block Hash="LuFYTkhmhCaLAEDr6NsGt276inKxuYBjYc5EOwWSL00=" Size="29373"/><Block Hash="rqzRb5/9RuLH5Jkc9/22Pw1qWGxPkiHBcYcABmp2/vw=" Size="31291"/><Block Hash="uQTRLE0ru06ZI/v/g+15zYfzy3uY+QRJNtSUGhANwIM=" Size="24924"/><Block Hash="KawpK7dLDKW0zkX4+GLDUOxP0lSfjTgAezJd+ZYJ3ew=" Size="54173"/><Block Hash="3PTf/Fkk9g1C/BRpgIo3wlJOTO4rbuoLQJR4TfdbtOY=" Size="51333"/><Block Hash="zWSELrVzUdGJxSSkGeEKAHx74jBGl3a7CtgFFj+SpOs=" Size="64690"/><Block Hash="p3Pf5sJR2Le3Yl6GdD7ZS6dvS4TMFJV80sUuCQQ7O/8=" Size="3701"/><b4:FileHash Hash="jpwDYum/s8Sa9Z4bTTdtPoWxOu0PvD9cDh68mcBzRfM="/></File><File Name="UIApp\Microsoft.Bcl.AsyncInterfaces.dll" Size="26752" LfhSize="69"><Block Hash="XcNyoQ80Wx8A7GqPoaLOVp9+XWPk8fhjG+Nn5Gv6NPQ=" Size="14835"/></File><File Name="UIApp\e_sqlite3.dll" Size="1238016" LfhSize="49"><Block Hash="uiv9gGT5BN5skg55wg2m35maUpL7nPKWMPEyQAMrrN4=" Size="36548"/><Block Hash="rD0f4iwU4LcC1Am8RUs4fx/MBFUh6V/gbdSTnQ4A0LI=" Size="38034"/><Block Hash="Wv4OcUTEz5G3jQMMEFmbTyWcx8vEQ1BEey4hiykzyTc=" Size="40196"/><Block Hash="tzeSXvwypMc/VKQItgmhWDuQQJ6SY7958FHPpWuOZc4=" Size="38259"/><Block Hash="vkSvvq8A//myLMYrky6GM/HHHHUV0Cez5jIi0JYh/+M=" Size="38083"/><Block Hash="u3yktD6Mm1fjyfPEt7wj3aLjnvOTDdcYfLQHeSQGXzc=" Size="37891"/><Block Hash="NO2bY0LVfgwnluTOZdf2rDGW/Ets0x+sGCvHiUxxfz8=" Size="39546"/><Block Hash="v87lU62sKleZYP/BISO1ZpBg8PKZDwICww+MsPIGhdY=" Size="39208"/><Block Hash="fWe5UcwJW4c8fEPNNAkC6NGeHe3d/34QRiP1MvrpZQo=" Size="37352"/><Block Hash="EcYJ/VdERRrZx8Hzi+lTUSWFI+W8eKmh0chcFCh3SKc=" Size="38641"/><Block Hash="iYQY56HEa9XcZ7lTAXixnSNZn8iM+bi2LmWokUTsGwM=" Size="39068"/><Block Hash="Ek9ymxY01bR4ltX3uJZdxR8kDSCof4a+aZgvqvgNOok=" Size="37647"/><Block Hash="Bl2xng+onH80++GQyYTk2EIxLsJ3tEGpcwFzP8njmnI=" Size="39497"/><Block Hash="Jnt/1jd11TVUqW5wN821tVjQ/lOjahIF8GnMlrb6TeE=" Size="39583"/><Block Hash="NPP025z1WjOhg8mV8Be24KeBx8kF8a5DJK9ZJV15kb8=" Size="38170"/><Block Hash="mR3Gs1Hl+Xt8K548haPNSuWKvBuSWxB75QB6uhSn0WU=" Size="29725"/><Block Hash="6jTGp/SGhRjfMyocjeyLq7F4/Fu2zdx7bZOILfc6WVw=" Size="28105"/><Block Hash="+u1tHJx21cvmultjILRua8eOSFyTwgc0VojPJvCwSXo=" Size="25209"/><Block Hash="sMk7Eb23Zv7UhV8X/P2A1y+5SuVkuPn8gbo+59g8W1M=" Size="27156"/><b4:FileHash Hash="DE7XuinLow5ltVZZHxMefbLkaucQS2y8dpgnTwiR8E0="/></File><File Name="UIApp\Microsoft.Data.Sqlite.dll" Size="135032" LfhSize="61"><Block Hash="JsFRxAKE7KX9dWjGfA68gRN/yoVp7U1xTtQ0Iro9dmo=" Size="27971"/><Block Hash="QFqlRclhsGgw5bbJdoohGT9MWp2n4RR1x9QMYpUqh9g=" Size="24132"/><Block Hash="4SSsy6+HBpAJa7T7ILWEM0DoEP+j6BqY3C/ZOM39mio=" Size="2867"/><b4:FileHash Hash="w16qOO5FP0C7y1tZlM4kXrPidwZKvHvpnUhczl+/dJw="/></File><File Name="UIApp\Microsoft.Extensions.DependencyInjection.Abstractions.dll" Size="47216" LfhSize="93"><Block Hash="lafGar1gukWiAgrD1CcC/Zgj97bbLO7Go3yemwYC/tE=" Size="21216"/></File><File Name="UIApp\Microsoft.Extensions.DependencyInjection.dll" Size="84608" LfhSize="80"><Block Hash="czYcLq+6ax44Ryo4MWqtwjk2mA2q3IHL9Y8fDaHQXuo=" Size="30108"/><Block Hash="62YhZZpnB4V0dKHJaV8wBCj4WldwNojmHa9BUMtdGO4=" Size="9448"/><b4:FileHash Hash="1t4gA1slNnqC2mGAxFUR2QdzdMX5b2zF/t0hB9Ye+5w="/></File><File Name="UIApp\Microsoft.Extensions.Logging.Abstractions.dll" Size="64112" LfhSize="81"><Block Hash="BQQFur5SdvGy5AWAnEaEfaK0p8sAWpdsWJSe1o2f83o=" Size="29079"/></File><File Name="UIApp\Microsoft.Extensions.Logging.dll" Size="44656" LfhSize="68"><Block Hash="TRyldDW6fTGToWV8vaHGatOc9PRJoGkzJUT3PuLneeQ=" Size="22144"/></File><File Name="UIApp\Microsoft.Extensions.Options.dll" Size="58480" LfhSize="68"><Block Hash="rIMWi3MW57n44IBtPM6AMNL0GtCMqghb/U6Hf1rmWCc=" Size="26348"/></File><File Name="UIApp\Microsoft.Extensions.Primitives.dll" Size="43120" LfhSize="71"><Block Hash="YN83vvW0foIsAs+FR947KoNpc+UX77rwkPFAhtUVXJs=" Size="20897"/></File><File Name="UIApp\Microsoft.WindowsAPICodePack.Shell.dll" Size="513024" LfhSize="74"><Block Hash="EEkZyrALWlYRFgiPGQ2HgXTXkbWUnoEWSPwpNoU9kDU=" Size="26642"/><Block Hash="GpO0ITLGzLNcl7f2c4a21dlWMHJgOKyD2xBj3sNQm6Q=" Size="11561"/><Block Hash="x3/sD17Ycc+wxqfDCijw+hM9l5KmbKFVmLBC6l6NZUg=" Size="17322"/><Block Hash="cvD7n8hsNW9DTLmO3Y/ZYRDkPdfIBXGg1/nD7P1Dn4E=" Size="26758"/><Block Hash="CyuR3LUdn5vp0Y0bbPfShmY8r0R8pkM8OC9mi8OFl5w=" Size="27760"/><Block Hash="w7CMz08TYDPi3OIWgyAB9Eft26g30G67PepaJTQULII=" Size="24085"/><Block Hash="XBCF2K7occJKV8UOx5yu+/5NdXDlQ+tIJwGMRmE4RKI=" Size="21496"/><Block Hash="aZMLGViXmLuNrQ5WsQzI/2BP9OHfoPGJj0bZZetpnLc=" Size="23694"/><b4:FileHash Hash="uF1ITAz9QAyR3FfAOXQnI97ia2Rie91OuQhYcTvAmXM="/></File><File Name="UIApp\Microsoft.WindowsAPICodePack.dll" Size="103936" LfhSize="68"><Block Hash="uCc8Cv0HpCHPzAmDQ38tue7x99BxD5bwNBwzn6mrwNc=" Size="30363"/><Block Hash="7FJjbRz7nTJDbuKlDD06CPM6WGn9e/INX+gXE6fQNiI=" Size="13163"/><b4:FileHash Hash="3CCAqeGZP9aq77q9YnAez/wSMSLoD0eWZXN2vDiKcxA="/></File><File Name="UIApp\Newtonsoft.Json.dll" Size="711952" LfhSize="55"><Block Hash="42dX0YrcY2k6Yi8/5O4QWuug9cSF262QYioX4PRL9ec=" Size="26345"/><Block Hash="y36jPPFQFkfhYMTZPj6KPFGcWj0bSWWh1r6zTXdDnUo=" Size="29982"/><Block Hash="16LESUk9yGCBx48Xlm/Vh4ztTJQL8c/5gKkNZIY2O9g=" Size="26940"/><Block Hash="rU2r2OAOU1mMxvB6PAX4RVoW38YBjc3LbTC7FmExe/I=" Size="23064"/><Block Hash="qXHBic4FYF0pPJX5byO4oOkbt+KwmGvGPnPqdKgSJYM=" Size="27142"/><Block Hash="Tyyz1LWKgZJ06vOn11IMCh9ZRK/H3Hqq97vMZonn56k=" Size="29609"/><Block Hash="9Y9SzbORsBxJjeQmnNhdhg+UNYYcqH8PsUOpLpo/vPY=" Size="21467"/><Block Hash="eW0haqMZIxiBR7+kdnxzWtRywdrCOf749JKj3giYBCQ=" Size="27888"/><Block Hash="cBEWP21eBBVWDecjQyMGG/yLPv2B7OdSQgGBt7QqDA4=" Size="16655"/><Block Hash="ukN2FogYmHM1xbYNBW3G/UQomp250Q8XXIT7gMeR+ag=" Size="16976"/><Block Hash="oHuFE1FZANz04kxVZEhrivjG0NCJUFC0IqZX0kw0C+I=" Size="26113"/><b4:FileHash Hash="4eJ697B+7t9c5xqSVfBCKBam/FhJpIPGcU4bRyBE+p0="/></File><File Name="UIApp\SQLitePCLRaw.batteries_green.dll" Size="5120" LfhSize="68"><Block Hash="C6/2+r3NoQLOnVDyQPaNBBBHTb1Eexb2U2CHWJCaW+s=" Size="2040"/></File><File Name="UIApp\SQLitePCLRaw.batteries_v2.dll" Size="5120" LfhSize="65"><Block Hash="6LEbWWl+WvMSUPqGJmTpXpNoG/kIKY5g3HLKcgOZf14=" Size="2040"/></File><File Name="UIApp\SQLitePCLRaw.core.dll" Size="38400" LfhSize="57"><Block Hash="mlcpS86shdFiNs0oMkRHeVunrvLJkUqVAE5BqmFvg88=" Size="13140"/></File><File Name="UIApp\SQLitePCLRaw.provider.e_sqlite3.dll" Size="39936" LfhSize="71"><Block Hash="Z3JaBeH0eXfp7wmNOl/wIdmSi928qn9U30pl1OrCjtk=" Size="15916"/></File><File Name="UIApp\System.Buffers.dll" Size="20856" LfhSize="54"><Block Hash="rMzPvkXZ8I/+7ZkW43sz6YxlvgEs//bn+ntnIQzh/vs=" Size="11417"/></File><File Name="UIApp\System.Diagnostics.DiagnosticSource.dll" Size="166512" LfhSize="75"><Block Hash="B8yOdLazW6zpbgHwX+7vv3AUvdsNgOHoP+AzU9EvTLA=" Size="30213"/><Block Hash="n/05kJ5uKdO9A1tTjXoPKxfJpUGZ74kmd1KN/Bcuw/o=" Size="27400"/><Block Hash="vUzbpb4IqdyMGTPAWChYV4PpGj92t+PAe6p4h8u0CmQ=" Size="15735"/><b4:FileHash Hash="geZkiABC5FFJWhviJiSrSrXooGgD7tpb3afGnfJDmBU="/></File><File Name="UIApp\System.Memory.dll" Size="142240" LfhSize="53"><Block Hash="4ClSwh4yjVK3zwjJQcTiAlw2UzyKlU9eBxaW1/+udI8=" Size="23195"/><Block Hash="quo0lsKTqtLP3mz20A2HN3NF7QbfeIax0Bkjdb/mQPU=" Size="29407"/><Block Hash="w4Ax+00J5pKSbzMIUdUtoK1Sk78Ie/R7RNtvgtB5PRQ=" Size="7156"/><b4:FileHash Hash="vz+4RmT0CX8aipvHGlHc+M8akF1AgKTSkNoXMIZuhW8="/></File><File Name="UIApp\System.Numerics.Vectors.dll" Size="115856" LfhSize="63"><Block Hash="v7xFtWBK3duBYWtRa+ROs+gizJskbKZ1x1sRbj7mykg=" Size="11193"/><Block Hash="LyJvUap920PWo2OLYULQDFjAR/6K71wnC/f4ZEjTW94=" Size="21933"/><b4:FileHash Hash="HT74aYKB589zcdFVSv71hys5+Wwm2nciEKM9oEG6EYM="/></File><File Name="UIApp\System.Runtime.CompilerServices.Unsafe.dll" Size="18024" LfhSize="78"><Block Hash="N3aEiOjvRXKbx9miZ3YzxkUAQpdbuWUW4YbabLnNDc8=" Size="9553"/></File><File Name="UIApp\System.Security.Cryptography.ProtectedData.dll" Size="21664" LfhSize="82"><Block Hash="mnUw5P6Ycx+01ppCLj/yzyd0/z9y+y0pB60loA6tRF4=" Size="11897"/></File><File Name="UIApp\System.Text.Encodings.Web.dll" Size="78976" LfhSize="65"><Block Hash="P4fuKsEidGKj+fwXhzY4nbbCmLi2e3Kpi9BIMeVAVZY=" Size="26414"/><Block Hash="n3FOXwTKbgrtVKOwiyynQVE6j7FVH79CuF3TtSJHxMM=" Size="7970"/><b4:FileHash Hash="x5K/4/Q8iU4gM5JS0VmpaiDMxuEzIrLTglcP+Xk55QE="/></File><File Name="UIApp\System.Text.Encoding.CodePages.dll" Size="766112" LfhSize="70"><Block Hash="rpO9mg84s8z2gMN7f16IJo7x8xCaUBmqeDB4Cs8JMa8=" Size="28913"/><Block Hash="zHfZURohYv1bsKBmBGMBEgNTfYHclgHi9+7kOu88iPI=" Size="14437"/><Block Hash="P2m6wB0eh+eUKpzwf2a8kSyfjeJq7gxwrKklaqX+kyc=" Size="54839"/><Block Hash="JT+f7puHa1dIYavPSKYkXzA3rMBY5cjsH6XkGdF0vzI=" Size="40895"/><Block Hash="33UQBdbr0G7ZMs0Ko4zvO7VQGnmzbeXjYtOTckDW1ig=" Size="59918"/><Block Hash="FMLzDtR4EVoPQbaImj0GpxcvdhlBajMqaBv5ofagxp8=" Size="45955"/><Block Hash="4EQLZuzDdtT3xtAEGgr+Xv+mBCcuJqNrcFclfRpvOO8=" Size="58485"/><Block Hash="U/U1iCo7OO09LHTKm51lBSPvAXVd5gdt2iGBU7kM8jo=" Size="56462"/><Block Hash="9Zy6FTJ6HFj74agq5lWkJgcjwnnfA+C/2alzEcMO3cs=" Size="56145"/><Block Hash="CgWJNbRxq7kF4o7KSkTnVCFGgtFnbyzU1hpnu/jzVso=" Size="50418"/><Block Hash="GIWU/LdBPNAn6a3ZoO93fY8Iq/yACO3GI03KGE81API=" Size="55012"/><Block Hash="bwd1zYmUzdyBduSVHdYckmGLzLASVT4rnkE827Xf+ik=" Size="30391"/><b4:FileHash Hash="Nb4JzsclJnCwVOSIgO2LrtD3vCxERff0E5y/u8gWM2M="/></File><File Name="UIApp\System.Threading.Tasks.Extensions.dll" Size="25984" LfhSize="73"><Block Hash="T4H/0NxyBNt1r8NepCkXabB8RAWS8oiUJg7qdmJqI8Y=" Size="13447"/></File><File Name="UIApp\System.Text.Json.dll" Size="582320" LfhSize="56"><Block Hash="fzyz22NepXBH74YOUiQJWU8A+T5ydNqZERDW/DnOueQ=" Size="23766"/><Block Hash="VytNL5hiZh9KkLVmLOCe29aTDuGwtjum0FQopDm+/MM=" Size="15143"/><Block Hash="PA9P6UApAaBc2Y7Dh5g3rhQzik6seqLpsWsUNwxRCQ4=" Size="26726"/><Block Hash="yvm9WebhaJ1a9O6BwRQdK6ww+RSaC3r+hyz4dNPvT28=" Size="31126"/><Block Hash="QWFc+00z5m++Zwjix0db2yS7jLKZBaka1rvSK+//PKc=" Size="21183"/><Block Hash="K8oceZFfbZtMeuXhZl0gjVu73NR4ZkxpvzDvp28yhoM=" Size="29942"/><Block Hash="4DbCtwsj0FG4f0hm/ChPQxJVkdL41olHceE+t3pmoX4=" Size="16334"/><Block Hash="G2csugWl+SsaN/MWoZ8lmTZz0LeWqfLFXl1GSDzIwNI=" Size="20964"/><Block Hash="eqi4VtiLZFlHEgFBcpVnGstb4DV/e8NsEslrEHqSaIk=" Size="23406"/><b4:FileHash Hash="0U28NPaCR1fm9q51iwX3bER/lvjXW+PEuChvzFo4izA="/></File><File Name="UIApp\System.ValueTuple.dll" Size="25232" LfhSize="57"><Block Hash="6QXRAlhbIsbfBPIZr1y9v6e8Fll56XiLYt9tzBZeEPQ=" Size="13567"/></File><File Name="UIApp\UIApp.exe.config" Size="1055" LfhSize="52"><Block Hash="UEr4jKBSwwfxjqtTUPWWcBAxrIvm4jqd4SysjCgTbmc=" Size="400"/></File><File Name="UIApp\UIApp.exe" Size="628736" LfhSize="45"><Block Hash="5U4KQFJY+IH/AoDgZ0x2E3j8ll9v/rjVzZD7pnL5PFc=" Size="27769"/><Block Hash="NMB+sRlDE8d596Bvio97h5/1WKGWlfOGOlw4RcDrAe4=" Size="27600"/><Block Hash="9/UoLf9g1+TVVLumoYuhL2biMcHSanw3tZVtnEkLXsQ=" Size="22727"/><Block Hash="aRxGRSRgTbXGaJiKPCojWdnHjSaiSkF8beMzrehaIdA=" Size="4822"/><Block Hash="cgpP9HIUxOmN5DH2xUN5rONufMb1SCa2hWE04/OUY7Q=" Size="17993"/><Block Hash="vRFve0zZuovIF4guHxIzL12FsXMwawyvs3ZaGz5IEus=" Size="16734"/><Block Hash="jckedE/Sf0qxiQQmGaLCWV3vqGqksddQ3uTRVQ2bK94=" Size="18041"/><Block Hash="7MD5k7UTiW4mjAGUykoVUUEW0Z/K0nVPRWloMgQMN4c=" Size="13713"/><Block Hash="v72iO0ljFTF30c8DV6FhxW9A+Y2uvXiESOle2WYH2ME=" Size="5240"/><Block Hash="OzMAIxUGYDvgCBd1IduL/500BvNMtCiX1xo8pj7kwvk=" Size="9693"/><b4:FileHash Hash="nX6oAUEvSyc0ueWxovM7xfyU4BwV7b0S6P9Smw8tgFE="/></File><File Name="UIApp\x64\e_sqlite3.dll" Size="1238016" LfhSize="53"><Block Hash="uiv9gGT5BN5skg55wg2m35maUpL7nPKWMPEyQAMrrN4=" Size="36548"/><Block Hash="rD0f4iwU4LcC1Am8RUs4fx/MBFUh6V/gbdSTnQ4A0LI=" Size="38034"/><Block Hash="Wv4OcUTEz5G3jQMMEFmbTyWcx8vEQ1BEey4hiykzyTc=" Size="40196"/><Block Hash="tzeSXvwypMc/VKQItgmhWDuQQJ6SY7958FHPpWuOZc4=" Size="38259"/><Block Hash="vkSvvq8A//myLMYrky6GM/HHHHUV0Cez5jIi0JYh/+M=" Size="38083"/><Block Hash="u3yktD6Mm1fjyfPEt7wj3aLjnvOTDdcYfLQHeSQGXzc=" Size="37891"/><Block Hash="NO2bY0LVfgwnluTOZdf2rDGW/Ets0x+sGCvHiUxxfz8=" Size="39546"/><Block Hash="v87lU62sKleZYP/BISO1ZpBg8PKZDwICww+MsPIGhdY=" Size="39208"/><Block Hash="fWe5UcwJW4c8fEPNNAkC6NGeHe3d/34QRiP1MvrpZQo=" Size="37352"/><Block Hash="EcYJ/VdERRrZx8Hzi+lTUSWFI+W8eKmh0chcFCh3SKc=" Size="38641"/><Block Hash="iYQY56HEa9XcZ7lTAXixnSNZn8iM+bi2LmWokUTsGwM=" Size="39068"/><Block Hash="Ek9ymxY01bR4ltX3uJZdxR8kDSCof4a+aZgvqvgNOok=" Size="37647"/><Block Hash="Bl2xng+onH80++GQyYTk2EIxLsJ3tEGpcwFzP8njmnI=" Size="39497"/><Block Hash="Jnt/1jd11TVUqW5wN821tVjQ/lOjahIF8GnMlrb6TeE=" Size="39583"/><Block Hash="NPP025z1WjOhg8mV8Be24KeBx8kF8a5DJK9ZJV15kb8=" Size="38170"/><Block Hash="mR3Gs1Hl+Xt8K548haPNSuWKvBuSWxB75QB6uhSn0WU=" Size="29725"/><Block Hash="6jTGp/SGhRjfMyocjeyLq7F4/Fu2zdx7bZOILfc6WVw=" Size="28105"/><Block Hash="+u1tHJx21cvmultjILRua8eOSFyTwgc0VojPJvCwSXo=" Size="25209"/><Block Hash="sMk7Eb23Zv7UhV8X/P2A1y+5SuVkuPn8gbo+59g8W1M=" Size="27156"/><b4:FileHash Hash="DE7XuinLow5ltVZZHxMefbLkaucQS2y8dpgnTwiR8E0="/></File><File Name="UIApp\x86\e_sqlite3.dll" Size="943104" LfhSize="53"><Block Hash="5zmvWRTRhkIVyvMG4c2901SNltvJc9nc5nnJqyn5GIU=" Size="35291"/><Block Hash="hrtv589AKexAUe1HdrXMd5tCEft/A3f0g0Mq2KJqfLc=" Size="38547"/><Block Hash="vjBMBfuBgUjwQWT/CASxOsWXyZwwaBuTdh9tyz9gzAg=" Size="39905"/><Block Hash="zjq/omjONm0orbolsCL/iGf9dt3bjwzhxqd2sQLoFQw=" Size="38300"/><Block Hash="fHGirWzMfVM9FozZU7td6wY0kKBPxWY2+p6KCbfTItc=" Size="38458"/><Block Hash="0u0wrRr4838D7TxePEO9QoJANymedpVSJR2IHxFR/94=" Size="39824"/><Block Hash="vGN6yyUCk3IARtd7l6wsdBK6GUqeISF9riy0qWKKHbA=" Size="39759"/><Block Hash="rNXe/riWld06LhJ4zU0Agt/28fGip+i1vMVxzOVmSSQ=" Size="37751"/><Block Hash="u3u1UADB97+UU/Xsg9kIebqSPJJpJiaev7loV4LWgZk=" Size="39316"/><Block Hash="fNR9yhG7i4VIEs8O22vzK0E+uPrxJlGn98rSSzVF318=" Size="38855"/><Block Hash="LExsfX0VUMwCzJV+qgzRcGki08e2ubJJ0Ru6DqvRXB0=" Size="39706"/><Block Hash="HrsZ1ent/QRMhwwV2YUjkGSQNy1b8czWSVSvpMRd958=" Size="40084"/><Block Hash="U1fSv6CRDOpbKHvYnQkpVDXO9u5i3AMtLn7jMOaTIdc=" Size="36757"/><Block Hash="XLirbPv+Vpi9umShBwHXIvOtSgLMQjU3TkDP/hG0nBw=" Size="24982"/><Block Hash="vsDvvj4xDSFLERLJ0tS9pAHQ+OIe0bHM4v03P1nnC5Q=" Size="17371"/><b4:FileHash Hash="HNRPhcfsNWTClCEXuw6JwcTm19EM/gK7J0EQgl86uHA="/></File><File Name="AppxManifest.xml" Size="2767" LfhSize="46"><Block Hash="jmEN/BHAm5RWM4yohBWn6Pr8hyyYmDoz8asEfqu/Scg=" Size="1118"/></File></BlockMap>