﻿<?xml version="1.0" encoding="utf-8" standalone="yes"?>
<Package IgnorableNamespaces="uap rescap build" xmlns="http://schemas.microsoft.com/appx/manifest/foundation/windows10" xmlns:uap="http://schemas.microsoft.com/appx/manifest/uap/windows10" xmlns:rescap="http://schemas.microsoft.com/appx/manifest/foundation/windows10/restrictedcapabilities" xmlns:build="http://schemas.microsoft.com/developer/appx/2015/build" xmlns:mp="http://schemas.microsoft.com/appx/2014/phone/manifest">
  <Identity Name="28736B4CStudio.BrowserBackup" Publisher="CN=3537FD74-0170-4CA6-BD09-29E8796C3B64" Version="1.0.1.0" ProcessorArchitecture="x64" />
  <Properties>
    <DisplayName>Browser Backup</DisplayName>
    <PublisherDisplayName>B4C Studio</PublisherDisplayName>
    <Logo>Images\StoreLogo.png</Logo>
  </Properties>
  <Dependencies>
    <TargetDeviceFamily Name="Windows.Universal" MinVersion="10.0.17763.0" MaxVersionTested="10.0.22621.0" />
    <TargetDeviceFamily Name="Windows.Desktop" MinVersion="10.0.17763.0" MaxVersionTested="10.0.22621.0" />
  </Dependencies>
  <Resources>
    <Resource Language="EN-US" />
    <Resource uap:Scale="200" />
  </Resources>
  <Applications>
    <Application Id="App" Executable="UIApp\UIApp.exe" EntryPoint="Windows.FullTrustApplication">
      <uap:VisualElements DisplayName="B4C - All-in-One Browser Backup" Description="B4C - All-in-One Browser Backup" BackgroundColor="transparent" Square150x150Logo="Images\Square150x150Logo.png" Square44x44Logo="Images\Square44x44Logo.png">
        <uap:DefaultTile Wide310x150Logo="Images\Wide310x150Logo.png" Square71x71Logo="Images\SmallTile.png" Square310x310Logo="Images\LargeTile.png" />
        <uap:SplashScreen Image="Images\SplashScreen.png" />
      </uap:VisualElements>
    </Application>
  </Applications>
  <Capabilities>
    <rescap:Capability Name="runFullTrust" />
  </Capabilities>
  <build:Metadata>
    <build:Item Name="Microsoft.Build.DesktopBridge.Tasks.dll" Version="17.9.37082.39371" />
    <build:Item Name="TargetFrameworkMoniker" Value=".NETFramework,Version=v4.5.1" />
    <build:Item Name="VisualStudio" Version="17.0" />
    <build:Item Name="VisualStudioEdition" Value="Microsoft Visual Studio Professional 2022" />
    <build:Item Name="OperatingSystem" Version="10.0.22621.1 (WinBuild.160101.0800)" />
    <build:Item Name="Microsoft.Build.AppxPackage.dll" Version="17.9.37082.39371" />
    <build:Item Name="ProjectGUID" Value="0c862609-0640-4f1c-9222-6f0c19f4e585" />
    <build:Item Name="makepri.exe" Version="10.0.22621.755 (WinBuild.160101.0800)" />
  </build:Metadata>
  <mp:PhoneIdentity PhoneProductId="86057bd6-227f-4d97-a5e4-ddd5029a62e8" PhonePublisherId="10119c93-f188-4f76-a6f6-3cf3f3caaf0d" />
</Package>